id,timestamp,datetime,device_id,package_name,app_name,uid,bytes_rx,bytes_tx,bytes_total,network_type,is_system_app
36421,1779613981851,2026-05-24T17:13:01.851619,device-uuid-tester-101,com.google.android.youtube,YouTube,10101,24481044,6120261,30601305,WIFI,0
94819,1779618301851,2026-05-24T18:25:01.851619,device-uuid-tester-101,com.google.android.youtube,YouTube,10101,21703739,5425934,27129674,WIFI,0
48729,1779622621851,2026-05-24T19:37:01.851619,device-uuid-tester-101,com.google.android.youtube,YouTube,10101,25019286,6254821,31274107,MOBILE,0
87508,1779626941851,2026-05-24T20:49:01.851619,device-uuid-tester-101,com.tencent.ig,PUBG Mobile,10352,28323056,7080764,35403820,MOBILE,0
97772,1779631261851,2026-05-24T22:01:01.851619,device-uuid-tester-101,com.chrome.android,Chrome,10080,7743858,1935964,9679822,WIFI,0
37449,1779635581851,2026-05-24T23:13:01.851619,device-uuid-tester-101,com.tencent.ig,PUBG Mobile,10352,36401443,9100360,45501804,WIFI,0
72715,1779639901851,2026-05-25T00:25:01.851619,device-uuid-tester-101,com.instagram.android,Instagram,10246,13881684,3470421,17352105,MOBILE,0
71593,1779644221851,2026-05-25T01:37:01.851619,device-uuid-tester-101,com.spotify.music,Spotify,10299,14843825,3710956,18554781,WIFI,0
16582,1779648541851,2026-05-25T02:49:01.851619,device-uuid-tester-101,com.instagram.android,Instagram,10246,36805314,9201328,46006642,WIFI,0
82075,1779652861851,2026-05-25T04:01:01.851619,device-uuid-tester-101,com.google.android.youtube,YouTube,10101,4257681,1064420,5322102,WIFI,0
82950,1779657181851,2026-05-25T05:13:01.851619,device-uuid-tester-101,com.facebook.katana,Facebook,10245,7129071,1782267,8911339,WIFI,0
64393,1779661501851,2026-05-25T06:25:01.851619,device-uuid-tester-101,com.facebook.katana,Facebook,10245,21241713,5310428,26552142,MOBILE,0
53554,1779665821851,2026-05-25T07:37:01.851619,device-uuid-tester-101,com.facebook.katana,Facebook,10245,22188313,5547078,27735391,WIFI,0
10616,1779670141851,2026-05-25T08:49:01.851619,device-uuid-tester-101,com.facebook.katana,Facebook,10245,5686174,1421543,7107718,MOBILE,0
63686,1779674461851,2026-05-25T10:01:01.851619,device-uuid-tester-101,com.tencent.ig,PUBG Mobile,10352,33967377,8491844,42459221,MOBILE,0
90324,1779678781851,2026-05-25T11:13:01.851619,device-uuid-tester-101,com.chrome.android,Chrome,10080,16624828,4156207,20781035,MOBILE,0
56286,1779683101851,2026-05-25T12:25:01.851619,device-uuid-tester-101,com.chrome.android,Chrome,10080,36452095,9113023,45565119,WIFI,0
40710,1779687421851,2026-05-25T13:37:01.851619,device-uuid-tester-101,com.facebook.katana,Facebook,10245,17983293,4495823,22479116,MOBILE,0
97930,1779691741851,2026-05-25T14:49:01.851619,device-uuid-tester-101,com.tencent.ig,PUBG Mobile,10352,4728027,1182006,5910034,WIFI,0
73435,1779696061851,2026-05-25T16:01:01.851619,device-uuid-tester-101,com.spotify.music,Spotify,10299,16510788,4127697,20638485,MOBILE,0
29010,1779700381851,2026-05-25T17:13:01.851619,device-uuid-tester-101,com.facebook.katana,Facebook,10245,21158395,5289598,26447994,WIFI,0
18732,1779704701851,2026-05-25T18:25:01.851619,device-uuid-tester-101,com.google.android.youtube,YouTube,10101,34385655,8596413,42982069,WIFI,0
85287,1779709021851,2026-05-25T19:37:01.851619,device-uuid-tester-101,com.google.android.youtube,YouTube,10101,706820,176705,883525,MOBILE,0
84649,1779713341851,2026-05-25T20:49:01.851619,device-uuid-tester-101,com.tencent.ig,PUBG Mobile,10352,6568587,1642146,8210734,WIFI,0
61211,1779717661851,2026-05-25T22:01:01.851619,device-uuid-tester-101,com.spotify.music,Spotify,10299,8794029,2198507,10992536,WIFI,0
81999,1779721981851,2026-05-25T23:13:01.851619,device-uuid-tester-101,com.instagram.android,Instagram,10246,29703312,7425828,37129141,MOBILE,0
28703,1779726301851,2026-05-26T00:25:01.851619,device-uuid-tester-101,com.tencent.ig,PUBG Mobile,10352,36803070,9200767,46003837,WIFI,0
81873,1779730621851,2026-05-26T01:37:01.851619,device-uuid-tester-101,com.chrome.android,Chrome,10080,7786714,1946678,9733393,WIFI,0
16661,1779734941851,2026-05-26T02:49:01.851619,device-uuid-tester-101,com.google.android.youtube,YouTube,10101,20540265,5135066,25675331,WIFI,0
73783,1779739261851,2026-05-26T04:01:01.851619,device-uuid-tester-101,com.instagram.android,Instagram,10246,10854348,2713587,13567935,WIFI,0
47454,1779743581851,2026-05-26T05:13:01.851619,device-uuid-tester-101,com.google.android.youtube,YouTube,10101,15354471,3838617,19193089,WIFI,0
12652,1779747901851,2026-05-26T06:25:01.851619,device-uuid-tester-101,com.facebook.katana,Facebook,10245,1640040,410010,2050050,WIFI,0
14304,1779752221851,2026-05-26T07:37:01.851619,device-uuid-tester-101,com.google.android.youtube,YouTube,10101,4612129,1153032,5765161,WIFI,0
54820,1779756541851,2026-05-26T08:49:01.851619,device-uuid-tester-101,com.google.android.youtube,YouTube,10101,3800701,950175,4750876,MOBILE,0
53783,1779760861851,2026-05-26T10:01:01.851619,device-uuid-tester-101,com.tencent.ig,PUBG Mobile,10352,17686071,4421517,22107589,WIFI,0
55824,1779765181851,2026-05-26T11:13:01.851619,device-uuid-tester-101,com.facebook.katana,Facebook,10245,1205728,301432,1507160,MOBILE,0
97139,1779769501851,2026-05-26T12:25:01.851619,device-uuid-tester-101,com.facebook.katana,Facebook,10245,7656449,1914112,9570562,MOBILE,0
28788,1779773821851,2026-05-26T13:37:01.851619,device-uuid-tester-101,com.instagram.android,Instagram,10246,23521319,5880329,29401649,WIFI,0
19726,1779778141851,2026-05-26T14:49:01.851619,device-uuid-tester-101,com.instagram.android,Instagram,10246,10182341,2545585,12727926,MOBILE,0
23660,1779782461851,2026-05-26T16:01:01.851619,device-uuid-tester-101,com.google.android.youtube,YouTube,10101,22307346,5576836,27884182,WIFI,0
93770,1779786781851,2026-05-26T17:13:01.851619,device-uuid-tester-101,com.google.android.youtube,YouTube,10101,10826397,2706599,13532997,MOBILE,0
70310,1779791101851,2026-05-26T18:25:01.851619,device-uuid-tester-101,com.facebook.katana,Facebook,10245,4062043,1015510,5077554,MOBILE,0
88118,1779795421851,2026-05-26T19:37:01.851619,device-uuid-tester-101,com.google.android.youtube,YouTube,10101,17096910,4274227,21371138,WIFI,0
49663,1779799741851,2026-05-26T20:49:01.851619,device-uuid-tester-101,com.spotify.music,Spotify,10299,37494143,9373535,46867679,WIFI,0
47699,1779804061851,2026-05-26T22:01:01.851619,device-uuid-tester-101,com.tencent.ig,PUBG Mobile,10352,27860129,6965032,34825162,MOBILE,0
19392,1779808381851,2026-05-26T23:13:01.851619,device-uuid-tester-101,com.chrome.android,Chrome,10080,10062360,2515590,12577950,WIFI,0
63352,1779812701851,2026-05-27T00:25:01.851619,device-uuid-tester-101,com.tencent.ig,PUBG Mobile,10352,14173613,3543403,17717016,MOBILE,0
60658,1779817021851,2026-05-27T01:37:01.851619,device-uuid-tester-101,com.spotify.music,Spotify,10299,10070983,2517745,12588729,WIFI,0
96327,1779821341851,2026-05-27T02:49:01.851619,device-uuid-tester-101,com.facebook.katana,Facebook,10245,31993084,7998271,39991355,MOBILE,0
33462,1779825661851,2026-05-27T04:01:01.851619,device-uuid-tester-101,com.spotify.music,Spotify,10299,27311096,6827774,34138870,WIFI,0
34337,1779829981851,2026-05-27T05:13:01.851619,device-uuid-tester-101,com.instagram.android,Instagram,10246,14805770,3701442,18507212,MOBILE,0
93638,1779834301851,2026-05-27T06:25:01.851619,device-uuid-tester-101,com.instagram.android,Instagram,10246,16553317,4138329,20691647,WIFI,0
83064,1779838621851,2026-05-27T07:37:01.851619,device-uuid-tester-101,com.google.android.youtube,YouTube,10101,4541032,1135258,5676290,WIFI,0
17068,1779842941851,2026-05-27T08:49:01.851619,device-uuid-tester-101,com.chrome.android,Chrome,10080,21063826,5265956,26329783,WIFI,0
71977,1779847261851,2026-05-27T10:01:01.851619,device-uuid-tester-101,com.google.android.youtube,YouTube,10101,24407670,6101917,30509588,WIFI,0
73137,1779851581851,2026-05-27T11:13:01.851619,device-uuid-tester-101,com.google.android.youtube,YouTube,10101,28883717,7220929,36104646,MOBILE,0
17940,1779855901851,2026-05-27T12:25:01.851619,device-uuid-tester-101,com.google.android.youtube,YouTube,10101,5788738,1447184,7235923,MOBILE,0
13226,1779860221851,2026-05-27T13:37:01.851619,device-uuid-tester-101,com.chrome.android,Chrome,10080,791958,197989,989947,WIFI,0
29534,1779864541851,2026-05-27T14:49:01.851619,device-uuid-tester-101,com.chrome.android,Chrome,10080,2103828,525957,2629785,MOBILE,0
15485,1779868861851,2026-05-27T16:01:01.851619,device-uuid-tester-101,com.instagram.android,Instagram,10246,13106139,3276534,16382673,WIFI,0
87399,1779873181851,2026-05-27T17:13:01.851619,device-uuid-tester-101,com.spotify.music,Spotify,10299,20931839,5232959,26164799,MOBILE,0
62021,1779877501851,2026-05-27T18:25:01.851619,device-uuid-tester-101,com.chrome.android,Chrome,10080,21173889,5293472,26467361,MOBILE,0
15716,1779881821851,2026-05-27T19:37:01.851619,device-uuid-tester-101,com.tencent.ig,PUBG Mobile,10352,23000132,5750033,28750165,WIFI,0
34832,1779886141851,2026-05-27T20:49:01.851619,device-uuid-tester-101,com.tencent.ig,PUBG Mobile,10352,7398396,1849599,9247995,MOBILE,0
20279,1779890461851,2026-05-27T22:01:01.851619,device-uuid-tester-101,com.spotify.music,Spotify,10299,10543022,2635755,13178778,MOBILE,0
14984,1779894781851,2026-05-27T23:13:01.851619,device-uuid-tester-101,com.chrome.android,Chrome,10080,28695511,7173877,35869389,WIFI,0
44215,1779899101851,2026-05-28T00:25:01.851619,device-uuid-tester-101,com.google.android.youtube,YouTube,10101,5213615,1303403,6517019,WIFI,0
40153,1779903421851,2026-05-28T01:37:01.851619,device-uuid-tester-101,com.tencent.ig,PUBG Mobile,10352,3661355,915338,4576694,WIFI,0
28844,1779907741851,2026-05-28T02:49:01.851619,device-uuid-tester-101,com.chrome.android,Chrome,10080,32480594,8120148,40600743,MOBILE,0
26179,1779912061851,2026-05-28T04:01:01.851619,device-uuid-tester-101,com.chrome.android,Chrome,10080,35971874,8992968,44964843,MOBILE,0
92255,1779916381851,2026-05-28T05:13:01.851619,device-uuid-tester-101,com.instagram.android,Instagram,10246,17388952,4347238,21736190,MOBILE,0
32415,1779920701851,2026-05-28T06:25:01.851619,device-uuid-tester-101,com.instagram.android,Instagram,10246,6569108,1642277,8211385,WIFI,0
92163,1779925021851,2026-05-28T07:37:01.851619,device-uuid-tester-101,com.chrome.android,Chrome,10080,7521992,1880498,9402491,MOBILE,0
94920,1779929341851,2026-05-28T08:49:01.851619,device-uuid-tester-101,com.spotify.music,Spotify,10299,25415223,6353805,31769029,WIFI,0
94325,1779933661851,2026-05-28T10:01:01.851619,device-uuid-tester-101,com.instagram.android,Instagram,10246,37000499,9250124,46250623,MOBILE,0
36809,1779937981851,2026-05-28T11:13:01.851619,device-uuid-tester-101,com.tencent.ig,PUBG Mobile,10352,17355551,4338887,21694439,MOBILE,0
21929,1779942301851,2026-05-28T12:25:01.851619,device-uuid-tester-101,com.facebook.katana,Facebook,10245,10200052,2550013,12750065,MOBILE,0
40044,1779946621851,2026-05-28T13:37:01.851619,device-uuid-tester-101,com.tencent.ig,PUBG Mobile,10352,13511499,3377874,16889373,MOBILE,0
77996,1779950941851,2026-05-28T14:49:01.851619,device-uuid-tester-101,com.tencent.ig,PUBG Mobile,10352,34990516,8747629,43738145,WIFI,0
47439,1779955261851,2026-05-28T16:01:01.851619,device-uuid-tester-101,com.chrome.android,Chrome,10080,14525781,3631445,18157227,MOBILE,0
70723,1779959581851,2026-05-28T17:13:01.851619,device-uuid-tester-101,com.tencent.ig,PUBG Mobile,10352,26404372,6601093,33005466,MOBILE,0
44549,1779963901851,2026-05-28T18:25:01.851619,device-uuid-tester-101,com.tencent.ig,PUBG Mobile,10352,25931404,6482851,32414255,MOBILE,0
94851,1779968221851,2026-05-28T19:37:01.851619,device-uuid-tester-101,com.instagram.android,Instagram,10246,25924851,6481212,32406064,WIFI,0
10067,1779972541851,2026-05-28T20:49:01.851619,device-uuid-tester-101,com.tencent.ig,PUBG Mobile,10352,11096497,2774124,13870621,WIFI,0
29744,1779976861851,2026-05-28T22:01:01.851619,device-uuid-tester-101,com.tencent.ig,PUBG Mobile,10352,1960377,490094,2450472,WIFI,0
58155,1779981181851,2026-05-28T23:13:01.851619,device-uuid-tester-101,com.facebook.katana,Facebook,10245,14890472,3722618,18613091,MOBILE,0
84276,1779985501851,2026-05-29T00:25:01.851619,device-uuid-tester-101,com.google.android.youtube,YouTube,10101,16939368,4234842,21174210,WIFI,0
80796,1779989821851,2026-05-29T01:37:01.851619,device-uuid-tester-101,com.chrome.android,Chrome,10080,5552759,1388189,6940948,MOBILE,0
39718,1779994141851,2026-05-29T02:49:01.851619,device-uuid-tester-101,com.google.android.youtube,YouTube,10101,3306303,826575,4132879,MOBILE,0
74892,1779998461851,2026-05-29T04:01:01.851619,device-uuid-tester-101,com.chrome.android,Chrome,10080,17139671,4284917,21424589,MOBILE,0
63790,1780002781851,2026-05-29T05:13:01.851619,device-uuid-tester-101,com.instagram.android,Instagram,10246,1076627,269156,1345784,WIFI,0
44533,1780007101851,2026-05-29T06:25:01.851619,device-uuid-tester-101,com.google.android.youtube,YouTube,10101,33556411,8389102,41945513,MOBILE,0
60643,1780011421851,2026-05-29T07:37:01.851619,device-uuid-tester-101,com.facebook.katana,Facebook,10245,30203545,7550886,37754431,WIFI,0
13356,1780015741851,2026-05-29T08:49:01.851619,device-uuid-tester-101,com.spotify.music,Spotify,10299,4777865,1194466,5972331,MOBILE,0
37160,1780020061851,2026-05-29T10:01:01.851619,device-uuid-tester-101,com.google.android.youtube,YouTube,10101,28966870,7241717,36208588,WIFI,0
57008,1780024381851,2026-05-29T11:13:01.851619,device-uuid-tester-101,com.instagram.android,Instagram,10246,14168382,3542095,17710478,WIFI,0
29213,1780028701851,2026-05-29T12:25:01.851619,device-uuid-tester-101,com.chrome.android,Chrome,10080,10618147,2654536,13272683,MOBILE,0
21208,1780033021851,2026-05-29T13:37:01.851619,device-uuid-tester-101,com.spotify.music,Spotify,10299,4094670,1023667,5118338,WIFI,0
81751,1780037341851,2026-05-29T14:49:01.851619,device-uuid-tester-101,com.google.android.youtube,YouTube,10101,12816453,3204113,16020566,MOBILE,0
10680,1780041661851,2026-05-29T16:01:01.851619,device-uuid-tester-101,com.spotify.music,Spotify,10299,27198028,6799507,33997535,WIFI,0
